{
    "model_name": "FacebookAI/roberta-large-mnli",
    "init_weights": "hf",
    "accuracy": 0.6658377824910408,
    "precision_macro": 0.5983283192995724,
    "recall_macro": 0.4865441931527254,
    "f1_macro": 0.5252983313886275,
    "precision_weighted": 0.9349856859228688,
    "recall_weighted": 0.6658377824910408,
    "f1_weighted": 0.7638309148972848,
    "num_examples": 41019,
    "label_map": {
        "REFUTED": 0,
        "NOT ENOUGH INFO": 1,
        "SUPPORTED": 2
    }
}