{
  "accuracy": 0.5094339622641509,
  "macro_f1": 0.5092592592592592,
  "n_articles": 106
}