{
  "config": "leace_dimsNone_fromAA_ml512",
  "model_path": "/nfs/veritas/kazim18/TL69---Capstone/experiments/aa_regularized/aa_reg_l0.7_sd0.05_rd5.0_ls0.1/model",
  "erase_dims": null,
  "mlp_epochs": 50,
  "max_length": 512,
  "seed": 42,
  "source_acc_before_erasure": 0.8705837680776597,
  "source_acc_after_erasure": 0.26162253186290696,
  "ood_accuracy": 0.5471698113207547,
  "ood_macro_f1": 0.5474817179936141,
  "best_val_f1": 0.6991666771891785
}