{
    "model_name": "FacebookAI/roberta-large-mnli",
    "init_weights": "hf",
    "accuracy": 0.6634825192776675,
    "precision_macro": 0.5976874121270007,
    "recall_macro": 0.48477826468025936,
    "f1_macro": 0.5238538823666864,
    "precision_weighted": 0.9346671908567344,
    "recall_weighted": 0.6634825192776675,
    "f1_weighted": 0.7619755601549947,
    "num_examples": 202566,
    "label_map": {
        "REFUTED": 0,
        "NOT ENOUGH INFO": 1,
        "SUPPORTED": 2
    }
}