{
    "model_name": "FacebookAI/roberta-large-mnli",
    "init_weights": "hf",
    "accuracy": 0.7230769230769231,
    "precision_macro": 0.5757575757575758,
    "recall_macro": 0.503030303030303,
    "f1_macro": 0.530563998649105,
    "precision_weighted": 0.958041958041958,
    "recall_weighted": 0.7230769230769231,
    "f1_weighted": 0.8193437767905853,
    "num_examples": 65,
    "label_map": {
        "REFUTED": 0,
        "NOT ENOUGH INFO": 1,
        "SUPPORTED": 2
    }
}