{
  "accuracy": 0.4716981132075472,
  "macro_f1": 0.4720274243300559
}