{
  "accuracy": 0.3490566037735849,
  "macro_f1": 0.1724941724941725,
  "best_val_f1": 0.20729256388171116,
  "n_triplets": 35000
}