{
  "timestamp": "2026-02-25T02:13:50.559502",
  "model": "models/bias_detector",
  "demo": {
    "correct": 4,
    "total": 4
  },
  "basil_source": {
    "accuracy": 0.4766666666666667,
    "macro_f1": 0.4044829616976618,
    "per_class": {
      "Left": {
        "precision": 0.4192139737991266,
        "recall": 0.96,
        "f1": 0.5835866261398175
      },
      "Center": {
        "precision": 0.047619047619047616,
        "recall": 0.01,
        "f1": 0.01652892561983471
      },
      "Right": {
        "precision": 0.92,
        "recall": 0.46,
        "f1": 0.6133333333333333
      }
    }
  },
  "basil_annotation": {
    "accuracy": 0.3433333333333333,
    "macro_f1": 0.3066458129683936
  }
}