{
  "config": "gdro_v2_bert_eta0.01_wu2_l0.7_ep8",
  "base_model": "bert-base-uncased",
  "epochs": 8,
  "batch_size": 32,
  "grad_accum": 1,
  "lr": 2e-05,
  "lambda_adv": 0.7,
  "max_length": 256,
  "seed": 42,
  "dro_eta": 0.01,
  "warmup_epochs": 2,
  "best_val_f1": 0.8053917100966318,
  "best_ood_f1": 0.4950408035153797,
  "final_group_weights": [
    0.12510588765144348,
    0.12465044111013412,
    0.1253071427345276,
    0.12383750081062317,
    0.1247205138206482,
    0.1275782585144043,
    0.12440341711044312,
    0.12439685314893723
  ]
}