{
  "config": "gdro_eta0.1_l2_0.1_l0.7",
  "epochs": 4,
  "batch_size": 10,
  "grad_accum": 4,
  "lr": 3e-05,
  "lambda_adv": 0.7,
  "max_length": 256,
  "seed": 42,
  "dro_eta": 0.1,
  "l2_reg": 0.1,
  "ood_accuracy": 0.2830188679245283,
  "ood_macro_f1": 0.22695768220758536,
  "best_val_f1": 0.22695623342175067,
  "final_group_weights": [
    0.654496431350708,
    2.21280499891445e-13,
    1.401298464324817e-45,
    1.401298464324817e-45,
    0.3455035388469696,
    4.261769019551066e-41,
    4.203895392974451e-45,
    8.407790785948902e-45
  ]
}