{
  "config": "gdro_eta0.1_l2_0.01_l0.7",
  "epochs": 4,
  "batch_size": 10,
  "grad_accum": 4,
  "lr": 3e-05,
  "lambda_adv": 0.7,
  "max_length": 256,
  "seed": 42,
  "dro_eta": 0.1,
  "l2_reg": 0.01,
  "ood_accuracy": 0.36792452830188677,
  "ood_macro_f1": 0.3045906432748538,
  "best_val_f1": 0.2797976192947784,
  "final_group_weights": [
    0.9921951293945312,
    0.000579984684009105,
    4.203895392974451e-45,
    8.407790785948902e-45,
    0.0007282942533493042,
    0.006389970425516367,
    5.605193857299268e-45,
    0.00010665428271749988
  ]
}