{
  "accuracy": 0.5283018867924528,
  "macro_f1": 0.5324654479584057,
  "lambda": 0.7,
  "best_val_f1": 0.8575348501602189
}